parameter_name,action,experiment,exp.py,type
AcqInterval__s,PSTAT___run_CA,ADSS_slave_CA,ADSS_exp,adss
AcqInterval__s,PSTAT___run_OCV,ADSS_slave_CA,ADSS_exp,adss
AcqInterval__s,PSTAT___run_CA,ANEC_slave_CA,ANEC_exp,anec
AcqInterval__s,PSTAT___run_CV,ANEC_slave_CV,ANEC_exp,anec
AcqInterval__s,PSTAT___run_CA,ANEC_slave_photo_CA,ANEC_exp,anec
AcqInterval__s,PSTAT___run_CA,ECHE_slave_CA,ECHE_exp,eche
AcqInterval__s,PSTAT___run_CA,ECHE_slave_CA_led,ECHE_exp,eche
AcqInterval__s,PSTAT___run_CA,ECHE_slave_CA_led_secondtrigger,ECHE_exp,eche
AcqInterval__s,PSTAT___run_CP,ECHE_slave_CP,ECHE_exp,eche
AcqInterval__s,PSTAT___run_CP,ECHE_slave_CP_led,ECHE_exp,eche
AcqInterval__s,PSTAT___run_CP,ECHE_slave_CP_led_secondtrigger,ECHE_exp,eche
AcqInterval__s,PSTAT___run_CV,ECHE_slave_CV,ECHE_exp,eche
AcqInterval__s,PSTAT___run_CV,ECHE_slave_CV_led,ECHE_exp,eche
AcqInterval__s,PSTAT___run_CV,ECHE_slave_CV_led_secondtrigger,ECHE_exp,eche
AcqInterval__s,PSTAT___run_CP,ECHE_slave_background,ECHE_exp,eche
AcqInterval__s,PSTAT___run_CP,SIM_measure_CP,simulate_exp,simulate
AcqInterval__s,PSTAT___run_OCV,debug,ADSS_exp,adss
CA_duration_sec,__EXP__,ADSS_slave_CA,ADSS_exp,adss
CA_duration_sec,__EXP__,ANEC_slave_CA,ANEC_exp,anec
CA_duration_sec,__EXP__,ANEC_slave_photo_CA,ANEC_exp,anec
CA_duration_sec,__EXP__,ECHE_slave_CA,ECHE_exp,eche
CA_duration_sec,__EXP__,ECHE_slave_CA_led,ECHE_exp,eche
CA_duration_sec,__EXP__,ECHE_slave_CA_led_secondtrigger,ECHE_exp,eche
CA_potential,__EXP__,ADSS_slave_CA,ADSS_exp,adss
CA_potential_vsRHE,__EXP__,ECHE_slave_CA,ECHE_exp,eche
CA_potential_vsRHE,__EXP__,ECHE_slave_CA_led,ECHE_exp,eche
CA_potential_vsRHE,__EXP__,ECHE_slave_CA_led_secondtrigger,ECHE_exp,eche
CP_current,__EXP__,ECHE_slave_CP,ECHE_exp,eche
CP_current,__EXP__,ECHE_slave_CP_led,ECHE_exp,eche
CP_current,__EXP__,ECHE_slave_CP_led_secondtrigger,ECHE_exp,eche
CP_current,__EXP__,ECHE_slave_background,ECHE_exp,eche
CP_duration_sec,__EXP__,ECHE_slave_CP,ECHE_exp,eche
CP_duration_sec,__EXP__,ECHE_slave_CP_led,ECHE_exp,eche
CP_duration_sec,__EXP__,ECHE_slave_CP_led_secondtrigger,ECHE_exp,eche
Cycles,PSTAT___run_CV,ANEC_slave_CV,ANEC_exp,anec
Cycles,__EXP__,ANEC_slave_CV,ANEC_exp,anec
Cycles,PSTAT___run_CV,ECHE_slave_CV,ECHE_exp,eche
Cycles,PSTAT___run_CV,ECHE_slave_CV_led,ECHE_exp,eche
Cycles,PSTAT___run_CV,ECHE_slave_CV_led_secondtrigger,ECHE_exp,eche
GC_analysis_time,__EXP__,ANEC_slave_GCLiquid_analysis,ANEC_exp,anec
HPLC_analysis_time,__EXP__,ANEC_slave_HPLCLiquid_analysis,ANEC_exp,anec
IErange,PSTAT___run_CA,ADSS_slave_CA,ADSS_exp,adss
IErange,PSTAT___run_OCV,ADSS_slave_CA,ADSS_exp,adss
IErange,PSTAT___run_CA,ANEC_slave_CA,ANEC_exp,anec
IErange,__EXP__,ANEC_slave_CA,ANEC_exp,anec
IErange,PSTAT___run_CV,ANEC_slave_CV,ANEC_exp,anec
IErange,__EXP__,ANEC_slave_CV,ANEC_exp,anec
IErange,PSTAT___run_CA,ANEC_slave_photo_CA,ANEC_exp,anec
IErange,__EXP__,ANEC_slave_photo_CA,ANEC_exp,anec
IErange,PSTAT___run_CA,ECHE_slave_CA,ECHE_exp,eche
IErange,__EXP__,ECHE_slave_CA,ECHE_exp,eche
IErange,PSTAT___run_CA,ECHE_slave_CA_led,ECHE_exp,eche
IErange,__EXP__,ECHE_slave_CA_led,ECHE_exp,eche
IErange,PSTAT___run_CA,ECHE_slave_CA_led_secondtrigger,ECHE_exp,eche
IErange,__EXP__,ECHE_slave_CA_led_secondtrigger,ECHE_exp,eche
IErange,PSTAT___run_CP,ECHE_slave_CP,ECHE_exp,eche
IErange,__EXP__,ECHE_slave_CP,ECHE_exp,eche
IErange,PSTAT___run_CP,ECHE_slave_CP_led,ECHE_exp,eche
IErange,__EXP__,ECHE_slave_CP_led,ECHE_exp,eche
IErange,PSTAT___run_CP,ECHE_slave_CP_led_secondtrigger,ECHE_exp,eche
IErange,__EXP__,ECHE_slave_CP_led_secondtrigger,ECHE_exp,eche
IErange,PSTAT___run_CV,ECHE_slave_CV,ECHE_exp,eche
IErange,__EXP__,ECHE_slave_CV,ECHE_exp,eche
IErange,PSTAT___run_CV,ECHE_slave_CV_led,ECHE_exp,eche
IErange,__EXP__,ECHE_slave_CV_led,ECHE_exp,eche
IErange,PSTAT___run_CV,ECHE_slave_CV_led_secondtrigger,ECHE_exp,eche
IErange,__EXP__,ECHE_slave_CV_led_secondtrigger,ECHE_exp,eche
IErange,PSTAT___run_CP,ECHE_slave_background,ECHE_exp,eche
IErange,__EXP__,ECHE_slave_background,ECHE_exp,eche
IErange,PSTAT___run_OCV,debug,ADSS_exp,adss
Ival,PSTAT___run_CP,SIM_measure_CP,simulate_exp,simulate
Ival__A,PSTAT___run_CP,ECHE_slave_CP,ECHE_exp,eche
Ival__A,PSTAT___run_CP,ECHE_slave_CP_led,ECHE_exp,eche
Ival__A,PSTAT___run_CP,ECHE_slave_CP_led_secondtrigger,ECHE_exp,eche
Ival__A,PSTAT___run_CP,ECHE_slave_background,ECHE_exp,eche
OCV_duration_sec,__EXP__,ADSS_slave_CA,ADSS_exp,adss
SampleRate,PSTAT___run_CA,ADSS_slave_CA,ADSS_exp,adss
SampleRate,PSTAT___run_CA,ANEC_slave_CA,ANEC_exp,anec
SampleRate,__EXP__,ANEC_slave_CA,ANEC_exp,anec
SampleRate,__EXP__,ANEC_slave_CV,ANEC_exp,anec
SampleRate,PSTAT___run_CA,ANEC_slave_photo_CA,ANEC_exp,anec
SampleRate,__EXP__,ANEC_slave_photo_CA,ANEC_exp,anec
SampleRate,PSTAT___run_CA,ECHE_slave_CA,ECHE_exp,eche
SampleRate,PSTAT___run_CA,ECHE_slave_CA_led,ECHE_exp,eche
SampleRate,PSTAT___run_CA,ECHE_slave_CA_led_secondtrigger,ECHE_exp,eche
SampleRate,PSTAT___run_CP,ECHE_slave_CP,ECHE_exp,eche
SampleRate,PSTAT___run_CP,ECHE_slave_CP_led,ECHE_exp,eche
SampleRate,PSTAT___run_CP,ECHE_slave_CP_led_secondtrigger,ECHE_exp,eche
SampleRate,PSTAT___run_CP,ECHE_slave_background,ECHE_exp,eche
ScanRate_V_s,__EXP__,ANEC_slave_CV,ANEC_exp,anec
ScanRate__V_s,PSTAT___run_CV,ANEC_slave_CV,ANEC_exp,anec
ScanRate__V_s,PSTAT___run_CV,ECHE_slave_CV,ECHE_exp,eche
ScanRate__V_s,PSTAT___run_CV,ECHE_slave_CV_led,ECHE_exp,eche
ScanRate__V_s,PSTAT___run_CV,ECHE_slave_CV_led_secondtrigger,ECHE_exp,eche
TTLsend,PSTAT___run_CA,ADSS_slave_CA,ADSS_exp,adss
TTLsend,PSTAT___run_OCV,ADSS_slave_CA,ADSS_exp,adss
TTLsend,PSTAT___run_CA,ANEC_slave_CA,ANEC_exp,anec
TTLsend,PSTAT___run_CV,ANEC_slave_CV,ANEC_exp,anec
TTLsend,PSTAT___run_CA,ANEC_slave_photo_CA,ANEC_exp,anec
TTLsend,PSTAT___run_CA,ECHE_slave_CA,ECHE_exp,eche
TTLsend,PSTAT___run_CA,ECHE_slave_CA_led,ECHE_exp,eche
TTLsend,PSTAT___run_CA,ECHE_slave_CA_led_secondtrigger,ECHE_exp,eche
TTLsend,PSTAT___run_CP,ECHE_slave_CP,ECHE_exp,eche
TTLsend,PSTAT___run_CP,ECHE_slave_CP_led,ECHE_exp,eche
TTLsend,PSTAT___run_CP,ECHE_slave_CP_led_secondtrigger,ECHE_exp,eche
TTLsend,PSTAT___run_CV,ECHE_slave_CV,ECHE_exp,eche
TTLsend,PSTAT___run_CV,ECHE_slave_CV_led,ECHE_exp,eche
TTLsend,PSTAT___run_CV,ECHE_slave_CV_led_secondtrigger,ECHE_exp,eche
TTLsend,PSTAT___run_CP,ECHE_slave_background,ECHE_exp,eche
TTLsend,PSTAT___run_OCV,debug,ADSS_exp,adss
TTLwait,PSTAT___run_CA,ADSS_slave_CA,ADSS_exp,adss
TTLwait,PSTAT___run_OCV,ADSS_slave_CA,ADSS_exp,adss
TTLwait,PSTAT___run_CA,ANEC_slave_CA,ANEC_exp,anec
TTLwait,PSTAT___run_CV,ANEC_slave_CV,ANEC_exp,anec
TTLwait,PSTAT___run_CA,ANEC_slave_photo_CA,ANEC_exp,anec
TTLwait,PSTAT___run_CA,ECHE_slave_CA,ECHE_exp,eche
TTLwait,PSTAT___run_CA,ECHE_slave_CA_led,ECHE_exp,eche
TTLwait,PSTAT___run_CA,ECHE_slave_CA_led_secondtrigger,ECHE_exp,eche
TTLwait,PSTAT___run_CP,ECHE_slave_CP,ECHE_exp,eche
TTLwait,PSTAT___run_CP,ECHE_slave_CP_led,ECHE_exp,eche
TTLwait,PSTAT___run_CP,ECHE_slave_CP_led_secondtrigger,ECHE_exp,eche
TTLwait,PSTAT___run_CV,ECHE_slave_CV,ECHE_exp,eche
TTLwait,PSTAT___run_CV,ECHE_slave_CV_led,ECHE_exp,eche
TTLwait,PSTAT___run_CV,ECHE_slave_CV_led_secondtrigger,ECHE_exp,eche
TTLwait,PSTAT___run_CP,ECHE_slave_background,ECHE_exp,eche
TTLwait,PSTAT___run_OCV,debug,ADSS_exp,adss
Tval__s,PSTAT___run_CA,ADSS_slave_CA,ADSS_exp,adss
Tval__s,PSTAT___run_OCV,ADSS_slave_CA,ADSS_exp,adss
Tval__s,PSTAT___run_CA,ANEC_slave_CA,ANEC_exp,anec
Tval__s,PSTAT___run_CA,ANEC_slave_photo_CA,ANEC_exp,anec
Tval__s,PSTAT___run_CA,ECHE_slave_CA,ECHE_exp,eche
Tval__s,PSTAT___run_CA,ECHE_slave_CA_led,ECHE_exp,eche
Tval__s,PSTAT___run_CA,ECHE_slave_CA_led_secondtrigger,ECHE_exp,eche
Tval__s,PSTAT___run_CP,ECHE_slave_CP,ECHE_exp,eche
Tval__s,PSTAT___run_CP,ECHE_slave_CP_led,ECHE_exp,eche
Tval__s,PSTAT___run_CP,ECHE_slave_CP_led_secondtrigger,ECHE_exp,eche
Tval__s,PSTAT___run_CP,ECHE_slave_background,ECHE_exp,eche
Tval__s,PSTAT___run_CP,SIM_measure_CP,simulate_exp,simulate
Tval__s,PSTAT___run_OCV,debug,ADSS_exp,adss
Vapex1__V,PSTAT___run_CV,ANEC_slave_CV,ANEC_exp,anec
Vapex1__V,PSTAT___run_CV,ECHE_slave_CV,ECHE_exp,eche
Vapex1__V,PSTAT___run_CV,ECHE_slave_CV_led,ECHE_exp,eche
Vapex1__V,PSTAT___run_CV,ECHE_slave_CV_led_secondtrigger,ECHE_exp,eche
Vapex1_vsRHE,__EXP__,ECHE_slave_CV,ECHE_exp,eche
Vapex1_vsRHE,__EXP__,ECHE_slave_CV_led,ECHE_exp,eche
Vapex1_vsRHE,__EXP__,ECHE_slave_CV_led_secondtrigger,ECHE_exp,eche
Vapex2__V,PSTAT___run_CV,ANEC_slave_CV,ANEC_exp,anec
Vapex2__V,PSTAT___run_CV,ECHE_slave_CV,ECHE_exp,eche
Vapex2__V,PSTAT___run_CV,ECHE_slave_CV_led,ECHE_exp,eche
Vapex2__V,PSTAT___run_CV,ECHE_slave_CV_led_secondtrigger,ECHE_exp,eche
Vapex2_vsRHE,__EXP__,ECHE_slave_CV,ECHE_exp,eche
Vapex2_vsRHE,__EXP__,ECHE_slave_CV_led,ECHE_exp,eche
Vapex2_vsRHE,__EXP__,ECHE_slave_CV_led_secondtrigger,ECHE_exp,eche
Vfinal__V,PSTAT___run_CV,ANEC_slave_CV,ANEC_exp,anec
Vfinal__V,PSTAT___run_CV,ECHE_slave_CV,ECHE_exp,eche
Vfinal__V,PSTAT___run_CV,ECHE_slave_CV_led,ECHE_exp,eche
Vfinal__V,PSTAT___run_CV,ECHE_slave_CV_led_secondtrigger,ECHE_exp,eche
Vfinal_vsRHE,__EXP__,ECHE_slave_CV,ECHE_exp,eche
Vfinal_vsRHE,__EXP__,ECHE_slave_CV_led,ECHE_exp,eche
Vfinal_vsRHE,__EXP__,ECHE_slave_CV_led_secondtrigger,ECHE_exp,eche
Vinit__V,PSTAT___run_CV,ANEC_slave_CV,ANEC_exp,anec
Vinit__V,PSTAT___run_CV,ECHE_slave_CV,ECHE_exp,eche
Vinit__V,PSTAT___run_CV,ECHE_slave_CV_led,ECHE_exp,eche
Vinit__V,PSTAT___run_CV,ECHE_slave_CV_led_secondtrigger,ECHE_exp,eche
Vinit_vsRHE,__EXP__,ECHE_slave_CV,ECHE_exp,eche
Vinit_vsRHE,__EXP__,ECHE_slave_CV_led,ECHE_exp,eche
Vinit_vsRHE,__EXP__,ECHE_slave_CV_led_secondtrigger,ECHE_exp,eche
Vval__V,PSTAT___run_CA,ADSS_slave_CA,ADSS_exp,adss
Vval__V,PSTAT___run_CA,ANEC_slave_CA,ANEC_exp,anec
Vval__V,PSTAT___run_CA,ANEC_slave_photo_CA,ANEC_exp,anec
Vval__V,PSTAT___run_CA,ECHE_slave_CA,ECHE_exp,eche
Vval__V,PSTAT___run_CA,ECHE_slave_CA_led,ECHE_exp,eche
Vval__V,PSTAT___run_CA,ECHE_slave_CA_led_secondtrigger,ECHE_exp,eche
WE_potential__V,__EXP__,ANEC_slave_CA,ANEC_exp,anec
WE_potential__V,__EXP__,ANEC_slave_photo_CA,ANEC_exp,anec
WE_potential_apex1__V,__EXP__,ANEC_slave_CV,ANEC_exp,anec
WE_potential_apex2__V,__EXP__,ANEC_slave_CV,ANEC_exp,anec
WE_potential_final__V,__EXP__,ANEC_slave_CV,ANEC_exp,anec
WE_potential_init__V,__EXP__,ANEC_slave_CV,ANEC_exp,anec
WE_versus,__EXP__,ANEC_slave_CA,ANEC_exp,anec
WE_versus,__EXP__,ANEC_slave_CV,ANEC_exp,anec
WE_versus,__EXP__,ANEC_slave_photo_CA,ANEC_exp,anec
aliquot_times_sec,__EXP__,ADSS_slave_CA,ADSS_exp,adss
axis,MOTOR___move,ADSS_slave_disengage,ADSS_exp,adss
axis,MOTOR___move,ADSS_slave_engage,ADSS_exp,adss
axis,MOTOR___move,ADSS_slave_startup,ADSS_exp,adss
axis,MOTOR___move,ANEC_slave_disengage,ANEC_exp,anec
axis,MOTOR___move,ANEC_slave_startup,ANEC_exp,anec
axis,MOTOR___move,ECHE_slave_move,ECHE_exp,eche
axis,MOTOR___move,ECHE_slave_movetosample,ECHE_exp,eche
axis,MOTOR___move,ECHE_slave_startup,ECHE_exp,eche
axis,MOTOR___move,SIM_measure_CP,simulate_exp,simulate
background_duration_sec,__EXP__,ECHE_slave_background,ECHE_exp,eche
chemical,__EXP__,create_assembly_sample,samples_exp,samples
chemical,__EXP__,create_gas_sample,samples_exp,samples
chemical,__EXP__,create_liquid_sample,samples_exp,samples
clean_tool,__EXP__,ADSS_slave_clean_PALtool,ADSS_exp,adss
clean_volume_ul,__EXP__,ADSS_slave_clean_PALtool,ADSS_exp,adss
co2_purge_time,__EXP__,ANEC_slave_flush_fill_cell,ANEC_exp,anec
combine_liquids,PAL___archive_custom_add_liquid,ANEC_slave_flush_fill_cell,ANEC_exp,anec
combine_liquids,PAL___archive_custom_add_liquid,ECHE_slave_add_liquid,ECHE_exp,eche
comment,__EXP__,ECHE_slave_CA,ECHE_exp,eche
comment,__EXP__,ECHE_slave_CA_led,ECHE_exp,eche
comment,__EXP__,ECHE_slave_CA_led_secondtrigger,ECHE_exp,eche
comment,__EXP__,ECHE_slave_CP,ECHE_exp,eche
comment,__EXP__,ECHE_slave_CP_led,ECHE_exp,eche
comment,__EXP__,ECHE_slave_CP_led_secondtrigger,ECHE_exp,eche
comment,__EXP__,ECHE_slave_CV,ECHE_exp,eche
comment,__EXP__,ECHE_slave_CV_led,ECHE_exp,eche
comment,__EXP__,ECHE_slave_CV_led_secondtrigger,ECHE_exp,eche
comment,__EXP__,ECHE_slave_background,ECHE_exp,eche
comment,__EXP__,create_assembly_sample,samples_exp,samples
comment,__EXP__,create_gas_sample,samples_exp,samples
comment,__EXP__,create_liquid_sample,samples_exp,samples
custom,PAL___archive_custom_query_sample,ADSS_slave_CA,ADSS_exp,adss
custom,PAL___archive_custom_load,ADSS_slave_load_liquid,ADSS_exp,adss
custom,PAL___archive_custom_load,ADSS_slave_load_solid,ADSS_exp,adss
custom,PAL___archive_custom_query_sample,ANEC_slave_CA,ANEC_exp,anec
custom,PAL___archive_custom_query_sample,ANEC_slave_CV,ANEC_exp,anec
custom,PAL___archive_custom_add_liquid,ANEC_slave_flush_fill_cell,ANEC_exp,anec
custom,PAL___archive_custom_load,ANEC_slave_load_solid,ANEC_exp,anec
custom,PAL___archive_custom_load,ANEC_slave_load_solid_and_clean_cell,ANEC_exp,anec
custom,PAL___archive_custom_load,ANEC_slave_load_solid_only,ANEC_exp,anec
custom,PAL___archive_custom_query_sample,ANEC_slave_photo_CA,ANEC_exp,anec
custom,PAL___archive_custom_load,ANEC_slave_unload_liquid,ANEC_exp,anec
custom,PAL___archive_custom_query_sample,ECHE_slave_CA,ECHE_exp,eche
custom,PAL___archive_custom_query_sample,ECHE_slave_CA_led,ECHE_exp,eche
custom,PAL___archive_custom_query_sample,ECHE_slave_CA_led_secondtrigger,ECHE_exp,eche
custom,PAL___archive_custom_query_sample,ECHE_slave_CP,ECHE_exp,eche
custom,PAL___archive_custom_query_sample,ECHE_slave_CP_led,ECHE_exp,eche
custom,PAL___archive_custom_query_sample,ECHE_slave_CP_led_secondtrigger,ECHE_exp,eche
custom,PAL___archive_custom_query_sample,ECHE_slave_CV,ECHE_exp,eche
custom,PAL___archive_custom_query_sample,ECHE_slave_CV_led,ECHE_exp,eche
custom,PAL___archive_custom_query_sample,ECHE_slave_CV_led_secondtrigger,ECHE_exp,eche
custom,PAL___archive_custom_add_liquid,ECHE_slave_add_liquid,ECHE_exp,eche
custom,PAL___archive_custom_query_sample,ECHE_slave_background,ECHE_exp,eche
custom,PAL___archive_custom_load,ECHE_slave_load_solid,ECHE_exp,eche
custom,PAL___archive_custom_load,debug,ADSS_exp,adss
custom,PAL___archive_custom_query_sample,debug,ADSS_exp,adss
custom,PAL___archive_custom_unload,debug,ADSS_exp,adss
cycles,__EXP__,ECHE_slave_CV,ECHE_exp,eche
cycles,__EXP__,ECHE_slave_CV_led,ECHE_exp,eche
cycles,__EXP__,ECHE_slave_CV_led_secondtrigger,ECHE_exp,eche
d_mm,MOTOR___move,ADSS_slave_disengage,ADSS_exp,adss
d_mm,MOTOR___move,ADSS_slave_engage,ADSS_exp,adss
d_mm,MOTOR___move,ADSS_slave_startup,ADSS_exp,adss
d_mm,MOTOR___move,ANEC_slave_disengage,ANEC_exp,anec
d_mm,MOTOR___move,ANEC_slave_startup,ANEC_exp,anec
d_mm,MOTOR___move,ECHE_slave_move,ECHE_exp,eche
d_mm,MOTOR___move,ECHE_slave_movetosample,ECHE_exp,eche
d_mm,MOTOR___move,ECHE_slave_startup,ECHE_exp,eche
d_mm,MOTOR___move,SIM_measure_CP,simulate_exp,simulate
d_mm,__EXP__,debug,ADSS_exp,adss
dest,PAL___PAL_fill,ADSS_slave_fill,ADSS_exp,adss
dest,PAL___PAL_fillfixed,ADSS_slave_fillfixed,ADSS_exp,adss
dest,PAL___PAL_injection_tray_GC,ANEC_slave_GCLiquid_analysis,ANEC_exp,anec
dest,__EXP__,ANEC_slave_GCLiquid_analysis,ANEC_exp,anec
dest,PAL___PAL_injection_tray_HPLC,ANEC_slave_HPLCLiquid_analysis,ANEC_exp,anec
dest,__EXP__,ANEC_slave_HPLCLiquid_analysis,ANEC_exp,anec
destroy_gas,PAL___archive_custom_unloadall,ADSS_slave_unloadall_customs,ADSS_exp,adss
destroy_gas,PAL___archive_custom_unloadall,ANEC_slave_unload_cell,ANEC_exp,anec
destroy_gas,PAL___archive_custom_unloadall,ANEC_slave_unload_liquid,ANEC_exp,anec
destroy_gas,PAL___archive_custom_unloadall,ECHE_slave_unloadall_customs,ECHE_exp,eche
destroy_gas,PAL___archive_custom_unload,debug,ADSS_exp,adss
destroy_liquid,PAL___archive_custom_unloadall,ADSS_slave_unloadall_customs,ADSS_exp,adss
destroy_liquid,PAL___archive_custom_unloadall,ANEC_slave_unload_cell,ANEC_exp,anec
destroy_liquid,PAL___archive_custom_unloadall,ANEC_slave_unload_liquid,ANEC_exp,anec
destroy_liquid,PAL___archive_custom_unloadall,ECHE_slave_unloadall_customs,ECHE_exp,eche
destroy_liquid,PAL___archive_custom_unload,debug,ADSS_exp,adss
destroy_solid,PAL___archive_custom_unloadall,ADSS_slave_unloadall_customs,ADSS_exp,adss
destroy_solid,PAL___archive_custom_unloadall,ANEC_slave_unload_cell,ANEC_exp,anec
destroy_solid,PAL___archive_custom_unloadall,ANEC_slave_unload_liquid,ANEC_exp,anec
destroy_solid,PAL___archive_custom_unloadall,ECHE_slave_unloadall_customs,ECHE_exp,eche
destroy_solid,PAL___archive_custom_unload,debug,ADSS_exp,adss
dilute_liquids,PAL___archive_custom_add_liquid,ANEC_slave_flush_fill_cell,ANEC_exp,anec
dilute_liquids,PAL___archive_custom_add_liquid,ECHE_slave_add_liquid,ECHE_exp,eche
dilution_factor,PAL___archive_tray_export_icpms,ADSS_slave_tray_unload,ADSS_exp,adss
direction,PAL___generate_plate_sample_no_list,generate_sample_no_list,samples_exp,samples
direction,__EXP__,generate_sample_no_list,samples_exp,samples
drain_time,__EXP__,ANEC_slave_drain_cell,ANEC_exp,anec
droplet_size_cm2,__EXP__,ECHE_slave_CA,ECHE_exp,eche
droplet_size_cm2,__EXP__,ECHE_slave_CA_led,ECHE_exp,eche
droplet_size_cm2,__EXP__,ECHE_slave_CA_led_secondtrigger,ECHE_exp,eche
droplet_size_cm2,__EXP__,ECHE_slave_CP,ECHE_exp,eche
droplet_size_cm2,__EXP__,ECHE_slave_CP_led,ECHE_exp,eche
droplet_size_cm2,__EXP__,ECHE_slave_CP_led_secondtrigger,ECHE_exp,eche
droplet_size_cm2,__EXP__,ECHE_slave_CV,ECHE_exp,eche
droplet_size_cm2,__EXP__,ECHE_slave_CV_led,ECHE_exp,eche
droplet_size_cm2,__EXP__,ECHE_slave_CV_led_secondtrigger,ECHE_exp,eche
droplet_size_cm2,__EXP__,ECHE_slave_background,ECHE_exp,eche
electrolyte_name,__EXP__,create_liquid_sample,samples_exp,samples
element_fracs,PAL___acquire,SIM_measure_CP,simulate_exp,simulate
element_fracs,__EXP__,SIM_measure_CP,simulate_exp,simulate
elements,PAL___query_plate,SIM_measure_CP,simulate_exp,simulate
elements,__EXP__,SIM_measure_CP,simulate_exp,simulate
equilibration_time,__EXP__,ANEC_slave_flush_fill_cell,ANEC_exp,anec
fast_samples_in,PSTAT___run_CA,ADSS_slave_CA,ADSS_exp,adss
fast_samples_in,PSTAT___run_OCV,ADSS_slave_CA,ADSS_exp,adss
fast_samples_in,PSTAT___run_CA,ANEC_slave_CA,ANEC_exp,anec
fast_samples_in,PSTAT___run_CV,ANEC_slave_CV,ANEC_exp,anec
fast_samples_in,PSTAT___run_CA,ANEC_slave_photo_CA,ANEC_exp,anec
fast_samples_in,PSTAT___run_CA,ECHE_slave_CA,ECHE_exp,eche
fast_samples_in,PSTAT___run_CA,ECHE_slave_CA_led,ECHE_exp,eche
fast_samples_in,PSTAT___run_CA,ECHE_slave_CA_led_secondtrigger,ECHE_exp,eche
fast_samples_in,PSTAT___run_CP,ECHE_slave_CP,ECHE_exp,eche
fast_samples_in,PSTAT___run_CP,ECHE_slave_CP_led,ECHE_exp,eche
fast_samples_in,PSTAT___run_CP,ECHE_slave_CP_led_secondtrigger,ECHE_exp,eche
fast_samples_in,PSTAT___run_CV,ECHE_slave_CV,ECHE_exp,eche
fast_samples_in,PSTAT___run_CV,ECHE_slave_CV_led,ECHE_exp,eche
fast_samples_in,PSTAT___run_CV,ECHE_slave_CV_led_secondtrigger,ECHE_exp,eche
fast_samples_in,PSTAT___run_CP,ECHE_slave_background,ECHE_exp,eche
fast_samples_in,PAL___db_new_samples,create_assembly_sample,samples_exp,samples
fast_samples_in,PAL___db_new_samples,create_gas_sample,samples_exp,samples
fast_samples_in,PAL___db_new_samples,create_liquid_sample,samples_exp,samples
fast_samples_in,PSTAT___run_OCV,debug,ADSS_exp,adss
fill_vol_ul,__EXP__,ADSS_slave_fill,ADSS_exp,adss
fill_vol_ul,__EXP__,ADSS_slave_fillfixed,ADSS_exp,adss
filltime_sec,__EXP__,ADSS_slave_fillfixed,ADSS_exp,adss
gas_sample_nos,__EXP__,create_assembly_sample,samples_exp,samples
gasvalve,NI___gasvalve,ANEC_slave_alloff,ANEC_exp,anec
gasvalve,NI___gasvalve,ANEC_slave_flush_fill_cell,ANEC_exp,anec
gasvalve,NI___gasvalve,ANEC_slave_normal_state,ANEC_exp,anec
jmacm2,ANA___calc_cpfom,SIM_measure_CP,simulate_exp,simulate
keep_gas,PAL___archive_custom_unloadall,ADSS_slave_unloadall_customs,ADSS_exp,adss
keep_gas,PAL___archive_custom_unloadall,ANEC_slave_unload_cell,ANEC_exp,anec
keep_gas,PAL___archive_custom_unloadall,ANEC_slave_unload_liquid,ANEC_exp,anec
keep_gas,PAL___archive_custom_unloadall,ECHE_slave_unloadall_customs,ECHE_exp,eche
keep_gas,PAL___archive_custom_unload,debug,ADSS_exp,adss
keep_liquid,PAL___archive_custom_unloadall,ADSS_slave_unloadall_customs,ADSS_exp,adss
keep_liquid,PAL___archive_custom_unloadall,ANEC_slave_unload_cell,ANEC_exp,anec
keep_liquid,PAL___archive_custom_unloadall,ANEC_slave_unload_liquid,ANEC_exp,anec
keep_liquid,PAL___archive_custom_unloadall,ECHE_slave_unloadall_customs,ECHE_exp,eche
keep_liquid,PAL___archive_custom_unload,debug,ADSS_exp,adss
keep_solid,PAL___archive_custom_unloadall,ADSS_slave_unloadall_customs,ADSS_exp,adss
keep_solid,PAL___archive_custom_unloadall,ANEC_slave_unload_cell,ANEC_exp,anec
keep_solid,PAL___archive_custom_unloadall,ANEC_slave_unload_liquid,ANEC_exp,anec
keep_solid,PAL___archive_custom_unloadall,ECHE_slave_unloadall_customs,ECHE_exp,eche
keep_solid,PAL___archive_custom_unload,debug,ADSS_exp,adss
led,NI___led,ANEC_slave_photo_CA,ANEC_exp,anec
led,__EXP__,ECHE_slave_CA_led,ECHE_exp,eche
led,__EXP__,ECHE_slave_CA_led_secondtrigger,ECHE_exp,eche
led,__EXP__,ECHE_slave_CP_led,ECHE_exp,eche
led,__EXP__,ECHE_slave_CP_led_secondtrigger,ECHE_exp,eche
led,__EXP__,ECHE_slave_CV_led,ECHE_exp,eche
led,__EXP__,ECHE_slave_CV_led_secondtrigger,ECHE_exp,eche
led_side_illumination,__EXP__,ECHE_slave_CA_led,ECHE_exp,eche
led_side_illumination,__EXP__,ECHE_slave_CA_led_secondtrigger,ECHE_exp,eche
led_side_illumination,__EXP__,ECHE_slave_CP_led,ECHE_exp,eche
led_side_illumination,__EXP__,ECHE_slave_CP_led_secondtrigger,ECHE_exp,eche
led_side_illumination,__EXP__,ECHE_slave_CV_led,ECHE_exp,eche
led_side_illumination,__EXP__,ECHE_slave_CV_led_secondtrigger,ECHE_exp,eche
liquid_custom_position,__EXP__,ADSS_slave_load_liquid,ADSS_exp,adss
liquid_custom_position,__EXP__,ADSS_slave_startup,ADSS_exp,adss
liquid_flush_time,__EXP__,ANEC_slave_flush_fill_cell,ANEC_exp,anec
liquid_sample_no,__EXP__,ADSS_slave_load_liquid,ADSS_exp,adss
liquid_sample_no,__EXP__,ADSS_slave_startup,ADSS_exp,adss
liquid_sample_nos,__EXP__,create_assembly_sample,samples_exp,samples
liquid_volume_ml,__EXP__,ECHE_slave_add_liquid,ECHE_exp,eche
liquid_volume_ml,__EXP__,ECHE_slave_startup,ECHE_exp,eche
liquidvalve,NI___liquidvalve,ANEC_slave_alloff,ANEC_exp,anec
liquidvalve,NI___liquidvalve,ANEC_slave_flush_fill_cell,ANEC_exp,anec
liquidvalve,NI___liquidvalve,ANEC_slave_normal_state,ANEC_exp,anec
load_sample_in,PAL___archive_custom_load,ADSS_slave_load_liquid,ADSS_exp,adss
load_sample_in,PAL___archive_custom_load,ADSS_slave_load_solid,ADSS_exp,adss
load_sample_in,PAL___archive_custom_load,ANEC_slave_load_solid,ANEC_exp,anec
load_sample_in,PAL___archive_custom_load,ANEC_slave_load_solid_and_clean_cell,ANEC_exp,anec
load_sample_in,PAL___archive_custom_load,ANEC_slave_load_solid_only,ANEC_exp,anec
load_sample_in,PAL___archive_custom_load,ANEC_slave_unload_liquid,ANEC_exp,anec
load_sample_in,PAL___archive_custom_load,ECHE_slave_load_solid,ECHE_exp,eche
load_sample_in,PAL___archive_custom_load,debug,ADSS_exp,adss
lot_number,__EXP__,create_assembly_sample,samples_exp,samples
lot_number,__EXP__,create_gas_sample,samples_exp,samples
lot_number,__EXP__,create_liquid_sample,samples_exp,samples
main_runs,PAL___archive_tray_export_icpms,ADSS_slave_tray_unload,ADSS_exp,adss
main_runs,__EXP__,ADSS_slave_tray_unload,ADSS_exp,adss
mode,MOTOR___move,ADSS_slave_disengage,ADSS_exp,adss
mode,MOTOR___move,ADSS_slave_engage,ADSS_exp,adss
mode,MOTOR___move,ADSS_slave_startup,ADSS_exp,adss
mode,MOTOR___move,ANEC_slave_disengage,ANEC_exp,anec
mode,MOTOR___move,ANEC_slave_startup,ANEC_exp,anec
mode,MOTOR___move,ECHE_slave_move,ECHE_exp,eche
mode,MOTOR___move,ECHE_slave_movetosample,ECHE_exp,eche
mode,MOTOR___move,ECHE_slave_startup,ECHE_exp,eche
on,NI___pump,ADSS_slave_fillfixed,ADSS_exp,adss
on,NI___pump,ADSS_slave_shutdown,ADSS_exp,adss
on,NI___pump,ADSS_slave_startup,ADSS_exp,adss
on,NI___pump,ANEC_slave_GC_preparation,ANEC_exp,anec
on,NI___pump,ANEC_slave_aliquot,ANEC_exp,anec
on,NI___gasvalve,ANEC_slave_alloff,ANEC_exp,anec
on,NI___liquidvalve,ANEC_slave_alloff,ANEC_exp,anec
on,NI___pump,ANEC_slave_alloff,ANEC_exp,anec
on,NI___gasvalve,ANEC_slave_flush_fill_cell,ANEC_exp,anec
on,NI___liquidvalve,ANEC_slave_flush_fill_cell,ANEC_exp,anec
on,NI___pump,ANEC_slave_flush_fill_cell,ANEC_exp,anec
on,NI___pump,ANEC_slave_load_solid_and_clean_cell,ANEC_exp,anec
on,NI___gasvalve,ANEC_slave_normal_state,ANEC_exp,anec
on,NI___liquidvalve,ANEC_slave_normal_state,ANEC_exp,anec
on,NI___pump,ANEC_slave_normal_state,ANEC_exp,anec
on,NI___led,ANEC_slave_photo_CA,ANEC_exp,anec
out_item,IO___set_digital_cycle,ECHE_slave_CA_led,ECHE_exp,eche
out_item,IO___set_digital_cycle,ECHE_slave_CA_led_secondtrigger,ECHE_exp,eche
out_item,IO___set_digital_cycle,ECHE_slave_CP_led,ECHE_exp,eche
out_item,IO___set_digital_cycle,ECHE_slave_CP_led_secondtrigger,ECHE_exp,eche
out_item,IO___set_digital_cycle,ECHE_slave_CV_led,ECHE_exp,eche
out_item,IO___set_digital_cycle,ECHE_slave_CV_led_secondtrigger,ECHE_exp,eche
out_item,IO___set_digital_cycle,ECHE_slave_background,ECHE_exp,eche
out_item_gamry,IO___set_digital_cycle,ECHE_slave_CA_led,ECHE_exp,eche
out_item_gamry,IO___set_digital_cycle,ECHE_slave_CA_led_secondtrigger,ECHE_exp,eche
out_item_gamry,IO___set_digital_cycle,ECHE_slave_CP_led,ECHE_exp,eche
out_item_gamry,IO___set_digital_cycle,ECHE_slave_CP_led_secondtrigger,ECHE_exp,eche
out_item_gamry,IO___set_digital_cycle,ECHE_slave_CV_led,ECHE_exp,eche
out_item_gamry,IO___set_digital_cycle,ECHE_slave_CV_led_secondtrigger,ECHE_exp,eche
out_item_gamry,IO___set_digital_cycle,ECHE_slave_background,ECHE_exp,eche
pH,__EXP__,ANEC_slave_CA,ANEC_exp,anec
pH,__EXP__,ANEC_slave_CV,ANEC_exp,anec
pH,__EXP__,ANEC_slave_photo_CA,ANEC_exp,anec
partial_molarity,__EXP__,create_assembly_sample,samples_exp,samples
partial_molarity,__EXP__,create_gas_sample,samples_exp,samples
partial_molarity,__EXP__,create_liquid_sample,samples_exp,samples
ph,__EXP__,ADSS_slave_CA,ADSS_exp,adss
ph,__EXP__,ECHE_slave_CA,ECHE_exp,eche
ph,__EXP__,ECHE_slave_CA_led,ECHE_exp,eche
ph,__EXP__,ECHE_slave_CA_led_secondtrigger,ECHE_exp,eche
ph,__EXP__,ECHE_slave_CP,ECHE_exp,eche
ph,__EXP__,ECHE_slave_CP_led,ECHE_exp,eche
ph,__EXP__,ECHE_slave_CP_led_secondtrigger,ECHE_exp,eche
ph,__EXP__,ECHE_slave_CV,ECHE_exp,eche
ph,__EXP__,ECHE_slave_CV_led,ECHE_exp,eche
ph,__EXP__,ECHE_slave_CV_led_secondtrigger,ECHE_exp,eche
ph,__EXP__,ECHE_slave_background,ECHE_exp,eche
ph,ANA___calc_cpfom,SIM_measure_CP,simulate_exp,simulate
ph,PAL___query_plate,SIM_measure_CP,simulate_exp,simulate
ph,__EXP__,create_liquid_sample,samples_exp,samples
plate_id,MOTOR___solid_get_samples_xy,ANEC_slave_startup,ANEC_exp,anec
plate_id,MOTOR___solid_get_samples_xy,ECHE_slave_movetosample,ECHE_exp,eche
plate_id,MOTOR___solid_get_samples_xy,ECHE_slave_startup,ECHE_exp,eche
plate_id,ANA___calc_cpfom,SIM_measure_CP,simulate_exp,simulate
plate_id,MOTOR___solid_get_samples_xy,SIM_measure_CP,simulate_exp,simulate
plate_id,PAL___load_space,SIM_measure_CP,simulate_exp,simulate
plate_id,PAL___generate_plate_sample_no_list,generate_sample_no_list,samples_exp,samples
plate_id,__EXP__,generate_sample_no_list,samples_exp,samples
platemap_xys,PAL___generate_plate_sample_no_list,generate_sample_no_list,samples_exp,samples
platemap_xys,__EXP__,generate_sample_no_list,samples_exp,samples
platemap_xys_operator,PAL___generate_plate_sample_no_list,generate_sample_no_list,samples_exp,samples
platemap_xys_operator,__EXP__,generate_sample_no_list,samples_exp,samples
prep_date,__EXP__,create_gas_sample,samples_exp,samples
prep_date,__EXP__,create_liquid_sample,samples_exp,samples
pump,NI___pump,ADSS_slave_fillfixed,ADSS_exp,adss
pump,NI___pump,ADSS_slave_shutdown,ADSS_exp,adss
pump,NI___pump,ADSS_slave_startup,ADSS_exp,adss
pump,NI___pump,ANEC_slave_GC_preparation,ANEC_exp,anec
pump,NI___pump,ANEC_slave_aliquot,ANEC_exp,anec
pump,NI___pump,ANEC_slave_alloff,ANEC_exp,anec
pump,NI___pump,ANEC_slave_flush_fill_cell,ANEC_exp,anec
pump,NI___pump,ANEC_slave_load_solid_and_clean_cell,ANEC_exp,anec
pump,NI___pump,ANEC_slave_normal_state,ANEC_exp,anec
rack,PAL___archive_tray_export_icpms,ADSS_slave_tray_unload,ADSS_exp,adss
rack,__EXP__,ADSS_slave_tray_unload,ADSS_exp,adss
recirculation_time,__EXP__,ANEC_slave_load_solid_and_clean_cell,ANEC_exp,anec
ref_offset__V,__EXP__,ANEC_slave_CA,ANEC_exp,anec
ref_offset__V,__EXP__,ANEC_slave_CV,ANEC_exp,anec
ref_offset__V,__EXP__,ANEC_slave_photo_CA,ANEC_exp,anec
ref_type,__EXP__,ANEC_slave_CA,ANEC_exp,anec
ref_type,__EXP__,ANEC_slave_CV,ANEC_exp,anec
ref_type,__EXP__,ANEC_slave_photo_CA,ANEC_exp,anec
ref_vs_nhe,__EXP__,ADSS_slave_CA,ADSS_exp,adss
ref_vs_nhe,__EXP__,ECHE_slave_CA,ECHE_exp,eche
ref_vs_nhe,__EXP__,ECHE_slave_CA_led,ECHE_exp,eche
ref_vs_nhe,__EXP__,ECHE_slave_CA_led_secondtrigger,ECHE_exp,eche
ref_vs_nhe,__EXP__,ECHE_slave_CP,ECHE_exp,eche
ref_vs_nhe,__EXP__,ECHE_slave_CP_led,ECHE_exp,eche
ref_vs_nhe,__EXP__,ECHE_slave_CP_led_secondtrigger,ECHE_exp,eche
ref_vs_nhe,__EXP__,ECHE_slave_CV,ECHE_exp,eche
ref_vs_nhe,__EXP__,ECHE_slave_CV_led,ECHE_exp,eche
ref_vs_nhe,__EXP__,ECHE_slave_CV_led_secondtrigger,ECHE_exp,eche
ref_vs_nhe,__EXP__,ECHE_slave_background,ECHE_exp,eche
reference_electrode_type,__EXP__,ECHE_slave_CA,ECHE_exp,eche
reference_electrode_type,__EXP__,ECHE_slave_CA_led,ECHE_exp,eche
reference_electrode_type,__EXP__,ECHE_slave_CA_led_secondtrigger,ECHE_exp,eche
reference_electrode_type,__EXP__,ECHE_slave_CP,ECHE_exp,eche
reference_electrode_type,__EXP__,ECHE_slave_CP_led,ECHE_exp,eche
reference_electrode_type,__EXP__,ECHE_slave_CP_led_secondtrigger,ECHE_exp,eche
reference_electrode_type,__EXP__,ECHE_slave_CV,ECHE_exp,eche
reference_electrode_type,__EXP__,ECHE_slave_CV_led,ECHE_exp,eche
reference_electrode_type,__EXP__,ECHE_slave_CV_led_secondtrigger,ECHE_exp,eche
reference_electrode_type,__EXP__,ECHE_slave_background,ECHE_exp,eche
reservoir_bubbler_gas,__EXP__,ECHE_slave_CA,ECHE_exp,eche
reservoir_bubbler_gas,__EXP__,ECHE_slave_CA_led,ECHE_exp,eche
reservoir_bubbler_gas,__EXP__,ECHE_slave_CA_led_secondtrigger,ECHE_exp,eche
reservoir_bubbler_gas,__EXP__,ECHE_slave_CP,ECHE_exp,eche
reservoir_bubbler_gas,__EXP__,ECHE_slave_CP_led,ECHE_exp,eche
reservoir_bubbler_gas,__EXP__,ECHE_slave_CP_led_secondtrigger,ECHE_exp,eche
reservoir_bubbler_gas,__EXP__,ECHE_slave_CV,ECHE_exp,eche
reservoir_bubbler_gas,__EXP__,ECHE_slave_CV_led,ECHE_exp,eche
reservoir_bubbler_gas,__EXP__,ECHE_slave_CV_led_secondtrigger,ECHE_exp,eche
reservoir_bubbler_gas,__EXP__,ECHE_slave_add_liquid,ECHE_exp,eche
reservoir_bubbler_gas,__EXP__,ECHE_slave_background,ECHE_exp,eche
reservoir_bubbler_gas,__EXP__,ECHE_slave_startup,ECHE_exp,eche
reservoir_electrolyte,__EXP__,ECHE_slave_CA,ECHE_exp,eche
reservoir_electrolyte,__EXP__,ECHE_slave_CA_led,ECHE_exp,eche
reservoir_electrolyte,__EXP__,ECHE_slave_CA_led_secondtrigger,ECHE_exp,eche
reservoir_electrolyte,__EXP__,ECHE_slave_CP,ECHE_exp,eche
reservoir_electrolyte,__EXP__,ECHE_slave_CP_led,ECHE_exp,eche
reservoir_electrolyte,__EXP__,ECHE_slave_CP_led_secondtrigger,ECHE_exp,eche
reservoir_electrolyte,__EXP__,ECHE_slave_CV,ECHE_exp,eche
reservoir_electrolyte,__EXP__,ECHE_slave_CV_led,ECHE_exp,eche
reservoir_electrolyte,__EXP__,ECHE_slave_CV_led_secondtrigger,ECHE_exp,eche
reservoir_electrolyte,__EXP__,ECHE_slave_background,ECHE_exp,eche
reservoir_liquid_sample_no,__EXP__,ANEC_slave_flush_fill_cell,ANEC_exp,anec
reservoir_liquid_sample_no,__EXP__,ANEC_slave_load_solid_and_clean_cell,ANEC_exp,anec
reservoir_liquid_sample_no,__EXP__,ECHE_slave_CA,ECHE_exp,eche
reservoir_liquid_sample_no,__EXP__,ECHE_slave_CA_led,ECHE_exp,eche
reservoir_liquid_sample_no,__EXP__,ECHE_slave_CA_led_secondtrigger,ECHE_exp,eche
reservoir_liquid_sample_no,__EXP__,ECHE_slave_CP,ECHE_exp,eche
reservoir_liquid_sample_no,__EXP__,ECHE_slave_CP_led,ECHE_exp,eche
reservoir_liquid_sample_no,__EXP__,ECHE_slave_CP_led_secondtrigger,ECHE_exp,eche
reservoir_liquid_sample_no,__EXP__,ECHE_slave_CV,ECHE_exp,eche
reservoir_liquid_sample_no,__EXP__,ECHE_slave_CV_led,ECHE_exp,eche
reservoir_liquid_sample_no,__EXP__,ECHE_slave_CV_led_secondtrigger,ECHE_exp,eche
reservoir_liquid_sample_no,__EXP__,ECHE_slave_add_liquid,ECHE_exp,eche
reservoir_liquid_sample_no,__EXP__,ECHE_slave_background,ECHE_exp,eche
reservoir_liquid_sample_no,__EXP__,ECHE_slave_startup,ECHE_exp,eche
sample_code,PAL___generate_plate_sample_no_list,generate_sample_no_list,samples_exp,samples
sample_code,__EXP__,generate_sample_no_list,samples_exp,samples
sample_no,MOTOR___solid_get_samples_xy,ANEC_slave_startup,ANEC_exp,anec
sample_no,MOTOR___solid_get_samples_xy,ECHE_slave_movetosample,ECHE_exp,eche
sample_no,MOTOR___solid_get_samples_xy,ECHE_slave_startup,ECHE_exp,eche
sample_no,ANA___calc_cpfom,SIM_measure_CP,simulate_exp,simulate
sample_no,MOTOR___solid_get_samples_xy,SIM_measure_CP,simulate_exp,simulate
sample_nos,PAL___generate_plate_sample_no_list,generate_sample_no_list,samples_exp,samples
sample_nos,__EXP__,generate_sample_no_list,samples_exp,samples
sample_nos_operator,PAL___generate_plate_sample_no_list,generate_sample_no_list,samples_exp,samples
sample_nos_operator,__EXP__,generate_sample_no_list,samples_exp,samples
sampleperiod,PAL___PAL_archive,ADSS_slave_CA,ADSS_exp,adss
samplerate_sec,__EXP__,ADSS_slave_CA,ADSS_exp,adss
samplerate_sec,__EXP__,ECHE_slave_CA,ECHE_exp,eche
samplerate_sec,__EXP__,ECHE_slave_CA_led,ECHE_exp,eche
samplerate_sec,__EXP__,ECHE_slave_CA_led_secondtrigger,ECHE_exp,eche
samplerate_sec,__EXP__,ECHE_slave_CP,ECHE_exp,eche
samplerate_sec,__EXP__,ECHE_slave_CP_led,ECHE_exp,eche
samplerate_sec,__EXP__,ECHE_slave_CP_led_secondtrigger,ECHE_exp,eche
samplerate_sec,__EXP__,ECHE_slave_CV,ECHE_exp,eche
samplerate_sec,__EXP__,ECHE_slave_CV_led,ECHE_exp,eche
samplerate_sec,__EXP__,ECHE_slave_CV_led_secondtrigger,ECHE_exp,eche
samplerate_sec,__EXP__,ECHE_slave_background,ECHE_exp,eche
sampletype,PAL___PAL_injection_tray_GC,ANEC_slave_GCLiquid_analysis,ANEC_exp,anec
sampletype,__EXP__,ANEC_slave_GCLiquid_analysis,ANEC_exp,anec
sampletype,__EXP__,ANEC_slave_HPLCLiquid_analysis,ANEC_exp,anec
scanrate_voltsec,__EXP__,ECHE_slave_CV,ECHE_exp,eche
scanrate_voltsec,__EXP__,ECHE_slave_CV_led,ECHE_exp,eche
scanrate_voltsec,__EXP__,ECHE_slave_CV_led_secondtrigger,ECHE_exp,eche
skip_n_samples,PAL___generate_plate_sample_no_list,generate_sample_no_list,samples_exp,samples
skip_n_samples,__EXP__,generate_sample_no_list,samples_exp,samples
slot,PAL___archive_tray_export_csv,ADSS_slave_tray_unload,ADSS_exp,adss
slot,PAL___archive_tray_export_icpms,ADSS_slave_tray_unload,ADSS_exp,adss
slot,PAL___archive_tray_export_json,ADSS_slave_tray_unload,ADSS_exp,adss
slot,PAL___archive_tray_unload,ADSS_slave_tray_unload,ADSS_exp,adss
slot,__EXP__,ADSS_slave_tray_unload,ADSS_exp,adss
solid_custom_position,__EXP__,ADSS_slave_load_solid,ADSS_exp,adss
solid_custom_position,__EXP__,ADSS_slave_startup,ADSS_exp,adss
solid_custom_position,__EXP__,ECHE_slave_add_liquid,ECHE_exp,eche
solid_custom_position,__EXP__,ECHE_slave_load_solid,ECHE_exp,eche
solid_custom_position,__EXP__,ECHE_slave_startup,ECHE_exp,eche
solid_plate_id,__EXP__,ADSS_slave_load_solid,ADSS_exp,adss
solid_plate_id,__EXP__,ADSS_slave_startup,ADSS_exp,adss
solid_plate_id,__EXP__,ANEC_slave_load_solid,ANEC_exp,anec
solid_plate_id,__EXP__,ANEC_slave_load_solid_and_clean_cell,ANEC_exp,anec
solid_plate_id,__EXP__,ANEC_slave_load_solid_only,ANEC_exp,anec
solid_plate_id,__EXP__,ANEC_slave_startup,ANEC_exp,anec
solid_plate_id,__EXP__,ECHE_slave_load_solid,ECHE_exp,eche
solid_plate_id,__EXP__,ECHE_slave_movetosample,ECHE_exp,eche
solid_plate_id,__EXP__,ECHE_slave_startup,ECHE_exp,eche
solid_plate_ids,__EXP__,create_assembly_sample,samples_exp,samples
solid_sample_no,__EXP__,ADSS_slave_load_solid,ADSS_exp,adss
solid_sample_no,__EXP__,ADSS_slave_startup,ADSS_exp,adss
solid_sample_no,__EXP__,ANEC_slave_load_solid,ANEC_exp,anec
solid_sample_no,__EXP__,ANEC_slave_load_solid_and_clean_cell,ANEC_exp,anec
solid_sample_no,__EXP__,ANEC_slave_load_solid_only,ANEC_exp,anec
solid_sample_no,__EXP__,ANEC_slave_startup,ANEC_exp,anec
solid_sample_no,__EXP__,ECHE_slave_load_solid,ECHE_exp,eche
solid_sample_no,__EXP__,ECHE_slave_movetosample,ECHE_exp,eche
solid_sample_no,__EXP__,ECHE_slave_startup,ECHE_exp,eche
solid_sample_nos,__EXP__,create_assembly_sample,samples_exp,samples
solution_ph,__EXP__,SIM_measure_CP,simulate_exp,simulate
source,PAL___PAL_archive,ADSS_slave_CA,ADSS_exp,adss
source,PAL___PAL_fill,ADSS_slave_fill,ADSS_exp,adss
source,PAL___PAL_fillfixed,ADSS_slave_fillfixed,ADSS_exp,adss
source,PAL___PAL_ANEC_GC,ANEC_slave_GC_preparation,ANEC_exp,anec
source,PAL___PAL_ANEC_aliquot,ANEC_slave_aliquot,ANEC_exp,anec
source,PAL___PAL_ANEC_GC,ANEC_slave_load_solid_and_clean_cell,ANEC_exp,anec
source,__EXP__,create_assembly_sample,samples_exp,samples
source,__EXP__,create_gas_sample,samples_exp,samples
source,__EXP__,create_liquid_sample,samples_exp,samples
source_liquid_in,PAL___archive_custom_add_liquid,ANEC_slave_flush_fill_cell,ANEC_exp,anec
source_liquid_in,PAL___archive_custom_add_liquid,ECHE_slave_add_liquid,ECHE_exp,eche
source_slot,PAL___PAL_injection_tray_GC,ANEC_slave_GCLiquid_analysis,ANEC_exp,anec
source_slot,__EXP__,ANEC_slave_GCLiquid_analysis,ANEC_exp,anec
source_slot,PAL___PAL_injection_tray_HPLC,ANEC_slave_HPLCLiquid_analysis,ANEC_exp,anec
source_slot,__EXP__,ANEC_slave_HPLCLiquid_analysis,ANEC_exp,anec
source_tray,PAL___PAL_injection_tray_GC,ANEC_slave_GCLiquid_analysis,ANEC_exp,anec
source_tray,__EXP__,ANEC_slave_GCLiquid_analysis,ANEC_exp,anec
source_tray,PAL___PAL_injection_tray_HPLC,ANEC_slave_HPLCLiquid_analysis,ANEC_exp,anec
source_tray,__EXP__,ANEC_slave_HPLCLiquid_analysis,ANEC_exp,anec
source_vial,PAL___PAL_injection_tray_GC,ANEC_slave_GCLiquid_analysis,ANEC_exp,anec
source_vial,__EXP__,ANEC_slave_GCLiquid_analysis,ANEC_exp,anec
source_vial,PAL___PAL_injection_tray_HPLC,ANEC_slave_HPLCLiquid_analysis,ANEC_exp,anec
source_vial,__EXP__,ANEC_slave_HPLCLiquid_analysis,ANEC_exp,anec
spacingfactor,PAL___PAL_archive,ADSS_slave_CA,ADSS_exp,adss
spacingmethod,PAL___PAL_archive,ADSS_slave_CA,ADSS_exp,adss
speed,MOTOR___move,ADSS_slave_disengage,ADSS_exp,adss
speed,MOTOR___move,ADSS_slave_engage,ADSS_exp,adss
speed,MOTOR___move,ADSS_slave_startup,ADSS_exp,adss
speed,MOTOR___move,ANEC_slave_disengage,ANEC_exp,anec
speed,MOTOR___move,ANEC_slave_startup,ANEC_exp,anec
speed,MOTOR___move,ECHE_slave_move,ECHE_exp,eche
speed,MOTOR___move,ECHE_slave_movetosample,ECHE_exp,eche
speed,MOTOR___move,ECHE_slave_startup,ECHE_exp,eche
speed,MOTOR___move,SIM_measure_CP,simulate_exp,simulate
startGC,PAL___PAL_injection_tray_GC,ANEC_slave_GCLiquid_analysis,ANEC_exp,anec
startGC,__EXP__,ANEC_slave_GCLiquid_analysis,ANEC_exp,anec
startGC,__EXP__,ANEC_slave_HPLCLiquid_analysis,ANEC_exp,anec
supplier,__EXP__,create_assembly_sample,samples_exp,samples
supplier,__EXP__,create_gas_sample,samples_exp,samples
supplier,__EXP__,create_liquid_sample,samples_exp,samples
survey_runs,PAL___archive_tray_export_icpms,ADSS_slave_tray_unload,ADSS_exp,adss
survey_runs,__EXP__,ADSS_slave_tray_unload,ADSS_exp,adss
t_duration,IO___set_digital_cycle,ECHE_slave_CA_led,ECHE_exp,eche
t_duration,IO___set_digital_cycle,ECHE_slave_CA_led_secondtrigger,ECHE_exp,eche
t_duration,IO___set_digital_cycle,ECHE_slave_CP_led,ECHE_exp,eche
t_duration,IO___set_digital_cycle,ECHE_slave_CP_led_secondtrigger,ECHE_exp,eche
t_duration,IO___set_digital_cycle,ECHE_slave_CV_led,ECHE_exp,eche
t_duration,IO___set_digital_cycle,ECHE_slave_CV_led_secondtrigger,ECHE_exp,eche
t_duration,IO___set_digital_cycle,ECHE_slave_background,ECHE_exp,eche
t_off,IO___set_digital_cycle,ECHE_slave_CA_led,ECHE_exp,eche
t_off,IO___set_digital_cycle,ECHE_slave_CA_led_secondtrigger,ECHE_exp,eche
t_off,IO___set_digital_cycle,ECHE_slave_CP_led,ECHE_exp,eche
t_off,IO___set_digital_cycle,ECHE_slave_CP_led_secondtrigger,ECHE_exp,eche
t_off,IO___set_digital_cycle,ECHE_slave_CV_led,ECHE_exp,eche
t_off,IO___set_digital_cycle,ECHE_slave_CV_led_secondtrigger,ECHE_exp,eche
t_off,IO___set_digital_cycle,ECHE_slave_background,ECHE_exp,eche
t_offset,IO___set_digital_cycle,ECHE_slave_CA_led,ECHE_exp,eche
t_offset,IO___set_digital_cycle,ECHE_slave_CA_led_secondtrigger,ECHE_exp,eche
t_offset,IO___set_digital_cycle,ECHE_slave_CP_led,ECHE_exp,eche
t_offset,IO___set_digital_cycle,ECHE_slave_CP_led_secondtrigger,ECHE_exp,eche
t_offset,IO___set_digital_cycle,ECHE_slave_CV_led,ECHE_exp,eche
t_offset,IO___set_digital_cycle,ECHE_slave_CV_led_secondtrigger,ECHE_exp,eche
t_offset,IO___set_digital_cycle,ECHE_slave_background,ECHE_exp,eche
t_on,IO___set_digital_cycle,ECHE_slave_CA_led,ECHE_exp,eche
t_on,IO___set_digital_cycle,ECHE_slave_CA_led_secondtrigger,ECHE_exp,eche
t_on,IO___set_digital_cycle,ECHE_slave_CP_led,ECHE_exp,eche
t_on,IO___set_digital_cycle,ECHE_slave_CP_led_secondtrigger,ECHE_exp,eche
t_on,IO___set_digital_cycle,ECHE_slave_CV_led,ECHE_exp,eche
t_on,IO___set_digital_cycle,ECHE_slave_CV_led_secondtrigger,ECHE_exp,eche
t_on,IO___set_digital_cycle,ECHE_slave_background,ECHE_exp,eche
timeoffset,PAL___PAL_archive,ADSS_slave_CA,ADSS_exp,adss
toggle_duration_ms,__EXP__,ECHE_slave_CA_led,ECHE_exp,eche
toggle_duration_ms,__EXP__,ECHE_slave_CA_led_secondtrigger,ECHE_exp,eche
toggle_duration_ms,__EXP__,ECHE_slave_CP_led,ECHE_exp,eche
toggle_duration_ms,__EXP__,ECHE_slave_CP_led_secondtrigger,ECHE_exp,eche
toggle_duration_ms,__EXP__,ECHE_slave_CV_led,ECHE_exp,eche
toggle_duration_ms,__EXP__,ECHE_slave_CV_led_secondtrigger,ECHE_exp,eche
toggle_duration_ms,__EXP__,ECHE_slave_background,ECHE_exp,eche
toggle_off_ms,__EXP__,ECHE_slave_CA_led,ECHE_exp,eche
toggle_off_ms,__EXP__,ECHE_slave_CA_led_secondtrigger,ECHE_exp,eche
toggle_off_ms,__EXP__,ECHE_slave_CP_led,ECHE_exp,eche
toggle_off_ms,__EXP__,ECHE_slave_CP_led_secondtrigger,ECHE_exp,eche
toggle_off_ms,__EXP__,ECHE_slave_CV_led,ECHE_exp,eche
toggle_off_ms,__EXP__,ECHE_slave_CV_led_secondtrigger,ECHE_exp,eche
toggle_off_ms,__EXP__,ECHE_slave_background,ECHE_exp,eche
toggle_offset_ms,__EXP__,ECHE_slave_CA_led,ECHE_exp,eche
toggle_offset_ms,__EXP__,ECHE_slave_CA_led_secondtrigger,ECHE_exp,eche
toggle_offset_ms,__EXP__,ECHE_slave_CP_led,ECHE_exp,eche
toggle_offset_ms,__EXP__,ECHE_slave_CP_led_secondtrigger,ECHE_exp,eche
toggle_offset_ms,__EXP__,ECHE_slave_CV_led,ECHE_exp,eche
toggle_offset_ms,__EXP__,ECHE_slave_CV_led_secondtrigger,ECHE_exp,eche
toggle_offset_ms,__EXP__,ECHE_slave_background,ECHE_exp,eche
toggle_on_ms,__EXP__,ECHE_slave_CA_led,ECHE_exp,eche
toggle_on_ms,__EXP__,ECHE_slave_CA_led_secondtrigger,ECHE_exp,eche
toggle_on_ms,__EXP__,ECHE_slave_CP_led,ECHE_exp,eche
toggle_on_ms,__EXP__,ECHE_slave_CP_led_secondtrigger,ECHE_exp,eche
toggle_on_ms,__EXP__,ECHE_slave_CV_led,ECHE_exp,eche
toggle_on_ms,__EXP__,ECHE_slave_CV_led_secondtrigger,ECHE_exp,eche
toggle_on_ms,__EXP__,ECHE_slave_background,ECHE_exp,eche
toggle_two_duration_ms,__EXP__,ECHE_slave_CA_led_secondtrigger,ECHE_exp,eche
toggle_two_duration_ms,__EXP__,ECHE_slave_CP_led_secondtrigger,ECHE_exp,eche
toggle_two_duration_ms,__EXP__,ECHE_slave_CV_led_secondtrigger,ECHE_exp,eche
toggle_two_off_ms,__EXP__,ECHE_slave_CA_led_secondtrigger,ECHE_exp,eche
toggle_two_off_ms,__EXP__,ECHE_slave_CP_led_secondtrigger,ECHE_exp,eche
toggle_two_off_ms,__EXP__,ECHE_slave_CV_led_secondtrigger,ECHE_exp,eche
toggle_two_offset_ms,__EXP__,ECHE_slave_CA_led_secondtrigger,ECHE_exp,eche
toggle_two_offset_ms,__EXP__,ECHE_slave_CP_led_secondtrigger,ECHE_exp,eche
toggle_two_offset_ms,__EXP__,ECHE_slave_CV_led_secondtrigger,ECHE_exp,eche
toggle_two_on_ms,__EXP__,ECHE_slave_CA_led_secondtrigger,ECHE_exp,eche
toggle_two_on_ms,__EXP__,ECHE_slave_CP_led_secondtrigger,ECHE_exp,eche
toggle_two_on_ms,__EXP__,ECHE_slave_CV_led_secondtrigger,ECHE_exp,eche
tool,PAL___PAL_archive,ADSS_slave_CA,ADSS_exp,adss
tool,PAL___PAL_deepclean,ADSS_slave_clean_PALtool,ADSS_exp,adss
tool,PAL___PAL_fill,ADSS_slave_fill,ADSS_exp,adss
tool,PAL___PAL_fillfixed,ADSS_slave_fillfixed,ADSS_exp,adss
tool,PAL___PAL_deepclean,ADSS_slave_shutdown,ADSS_exp,adss
tool,PAL___PAL_injection_tray_GC,ANEC_slave_GCLiquid_analysis,ANEC_exp,anec
tool,__EXP__,ANEC_slave_GCLiquid_analysis,ANEC_exp,anec
tool,PAL___PAL_injection_tray_HPLC,ANEC_slave_HPLCLiquid_analysis,ANEC_exp,anec
tool,__EXP__,ANEC_slave_HPLCLiquid_analysis,ANEC_exp,anec
toolGC,PAL___PAL_ANEC_GC,ANEC_slave_GC_preparation,ANEC_exp,anec
toolGC,__EXP__,ANEC_slave_GC_preparation,ANEC_exp,anec
toolGC,PAL___PAL_ANEC_aliquot,ANEC_slave_aliquot,ANEC_exp,anec
toolGC,__EXP__,ANEC_slave_aliquot,ANEC_exp,anec
toolGC,PAL___PAL_ANEC_GC,ANEC_slave_load_solid_and_clean_cell,ANEC_exp,anec
toolGC,__EXP__,ANEC_slave_load_solid_and_clean_cell,ANEC_exp,anec
toolarchive,PAL___PAL_ANEC_aliquot,ANEC_slave_aliquot,ANEC_exp,anec
toolarchive,__EXP__,ANEC_slave_aliquot,ANEC_exp,anec
transformation,MOTOR___move,ADSS_slave_disengage,ADSS_exp,adss
transformation,MOTOR___move,ADSS_slave_engage,ADSS_exp,adss
transformation,MOTOR___move,ADSS_slave_startup,ADSS_exp,adss
transformation,MOTOR___move,ANEC_slave_disengage,ANEC_exp,anec
transformation,MOTOR___move,ANEC_slave_startup,ANEC_exp,anec
transformation,MOTOR___move,ECHE_slave_move,ECHE_exp,eche
transformation,MOTOR___move,ECHE_slave_movetosample,ECHE_exp,eche
transformation,MOTOR___move,ECHE_slave_startup,ECHE_exp,eche
tray,PAL___archive_tray_export_csv,ADSS_slave_tray_unload,ADSS_exp,adss
tray,PAL___archive_tray_export_icpms,ADSS_slave_tray_unload,ADSS_exp,adss
tray,PAL___archive_tray_export_json,ADSS_slave_tray_unload,ADSS_exp,adss
tray,PAL___archive_tray_unload,ADSS_slave_tray_unload,ADSS_exp,adss
tray,__EXP__,ADSS_slave_tray_unload,ADSS_exp,adss
trigger_item,IO___set_digital_cycle,ECHE_slave_CA_led,ECHE_exp,eche
trigger_item,IO___set_digital_cycle,ECHE_slave_CA_led_secondtrigger,ECHE_exp,eche
trigger_item,IO___set_digital_cycle,ECHE_slave_CP_led,ECHE_exp,eche
trigger_item,IO___set_digital_cycle,ECHE_slave_CP_led_secondtrigger,ECHE_exp,eche
trigger_item,IO___set_digital_cycle,ECHE_slave_CV_led,ECHE_exp,eche
trigger_item,IO___set_digital_cycle,ECHE_slave_CV_led_secondtrigger,ECHE_exp,eche
trigger_item,IO___set_digital_cycle,ECHE_slave_background,ECHE_exp,eche
triggertype,IO___set_digital_cycle,ECHE_slave_CA_led,ECHE_exp,eche
triggertype,IO___set_digital_cycle,ECHE_slave_CA_led_secondtrigger,ECHE_exp,eche
triggertype,IO___set_digital_cycle,ECHE_slave_CP_led,ECHE_exp,eche
triggertype,IO___set_digital_cycle,ECHE_slave_CP_led_secondtrigger,ECHE_exp,eche
triggertype,IO___set_digital_cycle,ECHE_slave_CV_led,ECHE_exp,eche
triggertype,IO___set_digital_cycle,ECHE_slave_CV_led_secondtrigger,ECHE_exp,eche
triggertype,IO___set_digital_cycle,ECHE_slave_background,ECHE_exp,eche
volume_ml,PAL___archive_custom_add_liquid,ANEC_slave_flush_fill_cell,ANEC_exp,anec
volume_ml,PAL___archive_custom_add_liquid,ECHE_slave_add_liquid,ECHE_exp,eche
volume_ml,__EXP__,create_assembly_sample,samples_exp,samples
volume_ml,__EXP__,create_gas_sample,samples_exp,samples
volume_ml,__EXP__,create_liquid_sample,samples_exp,samples
volume_ul,PAL___PAL_archive,ADSS_slave_CA,ADSS_exp,adss
volume_ul,PAL___PAL_deepclean,ADSS_slave_clean_PALtool,ADSS_exp,adss
volume_ul,PAL___PAL_fill,ADSS_slave_fill,ADSS_exp,adss
volume_ul,PAL___PAL_fillfixed,ADSS_slave_fillfixed,ADSS_exp,adss
volume_ul,PAL___PAL_deepclean,ADSS_slave_shutdown,ADSS_exp,adss
volume_ul,PAL___PAL_injection_tray_GC,ANEC_slave_GCLiquid_analysis,ANEC_exp,anec
volume_ul,__EXP__,ANEC_slave_GCLiquid_analysis,ANEC_exp,anec
volume_ul,PAL___PAL_injection_tray_HPLC,ANEC_slave_HPLCLiquid_analysis,ANEC_exp,anec
volume_ul,__EXP__,ANEC_slave_HPLCLiquid_analysis,ANEC_exp,anec
volume_ul_GC,PAL___PAL_ANEC_GC,ANEC_slave_GC_preparation,ANEC_exp,anec
volume_ul_GC,__EXP__,ANEC_slave_GC_preparation,ANEC_exp,anec
volume_ul_GC,PAL___PAL_ANEC_aliquot,ANEC_slave_aliquot,ANEC_exp,anec
volume_ul_GC,__EXP__,ANEC_slave_aliquot,ANEC_exp,anec
volume_ul_GC,PAL___PAL_ANEC_GC,ANEC_slave_load_solid_and_clean_cell,ANEC_exp,anec
volume_ul_GC,__EXP__,ANEC_slave_load_solid_and_clean_cell,ANEC_exp,anec
volume_ul_archive,PAL___PAL_ANEC_aliquot,ANEC_slave_aliquot,ANEC_exp,anec
volume_ul_archive,__EXP__,ANEC_slave_aliquot,ANEC_exp,anec
volume_ul_cell_liquid,__EXP__,ANEC_slave_flush_fill_cell,ANEC_exp,anec
wash1,PAL___PAL_archive,ADSS_slave_CA,ADSS_exp,adss
wash1,PAL___PAL_deepclean,ADSS_slave_clean_PALtool,ADSS_exp,adss
wash1,PAL___PAL_fill,ADSS_slave_fill,ADSS_exp,adss
wash1,PAL___PAL_fillfixed,ADSS_slave_fillfixed,ADSS_exp,adss
wash1,PAL___PAL_deepclean,ADSS_slave_shutdown,ADSS_exp,adss
wash1,PAL___PAL_injection_tray_GC,ANEC_slave_GCLiquid_analysis,ANEC_exp,anec
wash1,__EXP__,ANEC_slave_GCLiquid_analysis,ANEC_exp,anec
wash1,PAL___PAL_injection_tray_HPLC,ANEC_slave_HPLCLiquid_analysis,ANEC_exp,anec
wash1,__EXP__,ANEC_slave_HPLCLiquid_analysis,ANEC_exp,anec
wash1,PAL___PAL_ANEC_aliquot,ANEC_slave_aliquot,ANEC_exp,anec
wash1,__EXP__,ANEC_slave_aliquot,ANEC_exp,anec
wash2,PAL___PAL_archive,ADSS_slave_CA,ADSS_exp,adss
wash2,PAL___PAL_deepclean,ADSS_slave_clean_PALtool,ADSS_exp,adss
wash2,PAL___PAL_fill,ADSS_slave_fill,ADSS_exp,adss
wash2,PAL___PAL_fillfixed,ADSS_slave_fillfixed,ADSS_exp,adss
wash2,PAL___PAL_deepclean,ADSS_slave_shutdown,ADSS_exp,adss
wash2,PAL___PAL_injection_tray_GC,ANEC_slave_GCLiquid_analysis,ANEC_exp,anec
wash2,__EXP__,ANEC_slave_GCLiquid_analysis,ANEC_exp,anec
wash2,PAL___PAL_injection_tray_HPLC,ANEC_slave_HPLCLiquid_analysis,ANEC_exp,anec
wash2,__EXP__,ANEC_slave_HPLCLiquid_analysis,ANEC_exp,anec
wash2,PAL___PAL_ANEC_aliquot,ANEC_slave_aliquot,ANEC_exp,anec
wash2,__EXP__,ANEC_slave_aliquot,ANEC_exp,anec
wash3,PAL___PAL_archive,ADSS_slave_CA,ADSS_exp,adss
wash3,PAL___PAL_deepclean,ADSS_slave_clean_PALtool,ADSS_exp,adss
wash3,PAL___PAL_fill,ADSS_slave_fill,ADSS_exp,adss
wash3,PAL___PAL_fillfixed,ADSS_slave_fillfixed,ADSS_exp,adss
wash3,PAL___PAL_deepclean,ADSS_slave_shutdown,ADSS_exp,adss
wash3,PAL___PAL_injection_tray_GC,ANEC_slave_GCLiquid_analysis,ANEC_exp,anec
wash3,__EXP__,ANEC_slave_GCLiquid_analysis,ANEC_exp,anec
wash3,PAL___PAL_injection_tray_HPLC,ANEC_slave_HPLCLiquid_analysis,ANEC_exp,anec
wash3,__EXP__,ANEC_slave_HPLCLiquid_analysis,ANEC_exp,anec
wash3,PAL___PAL_ANEC_aliquot,ANEC_slave_aliquot,ANEC_exp,anec
wash3,__EXP__,ANEC_slave_aliquot,ANEC_exp,anec
wash4,PAL___PAL_archive,ADSS_slave_CA,ADSS_exp,adss
wash4,PAL___PAL_deepclean,ADSS_slave_clean_PALtool,ADSS_exp,adss
wash4,PAL___PAL_fill,ADSS_slave_fill,ADSS_exp,adss
wash4,PAL___PAL_fillfixed,ADSS_slave_fillfixed,ADSS_exp,adss
wash4,PAL___PAL_deepclean,ADSS_slave_shutdown,ADSS_exp,adss
wash4,PAL___PAL_injection_tray_GC,ANEC_slave_GCLiquid_analysis,ANEC_exp,anec
wash4,__EXP__,ANEC_slave_GCLiquid_analysis,ANEC_exp,anec
wash4,PAL___PAL_injection_tray_HPLC,ANEC_slave_HPLCLiquid_analysis,ANEC_exp,anec
wash4,__EXP__,ANEC_slave_HPLCLiquid_analysis,ANEC_exp,anec
wash4,PAL___PAL_ANEC_aliquot,ANEC_slave_aliquot,ANEC_exp,anec
wash4,__EXP__,ANEC_slave_aliquot,ANEC_exp,anec
wavelength_intensity_date,__EXP__,ECHE_slave_CA_led,ECHE_exp,eche
wavelength_intensity_date,__EXP__,ECHE_slave_CA_led_secondtrigger,ECHE_exp,eche
wavelength_intensity_date,__EXP__,ECHE_slave_CP_led,ECHE_exp,eche
wavelength_intensity_date,__EXP__,ECHE_slave_CP_led_secondtrigger,ECHE_exp,eche
wavelength_intensity_date,__EXP__,ECHE_slave_CV_led,ECHE_exp,eche
wavelength_intensity_date,__EXP__,ECHE_slave_CV_led_secondtrigger,ECHE_exp,eche
wavelength_intensity_mw,__EXP__,ECHE_slave_CA_led,ECHE_exp,eche
wavelength_intensity_mw,__EXP__,ECHE_slave_CA_led_secondtrigger,ECHE_exp,eche
wavelength_intensity_mw,__EXP__,ECHE_slave_CP_led,ECHE_exp,eche
wavelength_intensity_mw,__EXP__,ECHE_slave_CP_led_secondtrigger,ECHE_exp,eche
wavelength_intensity_mw,__EXP__,ECHE_slave_CV_led,ECHE_exp,eche
wavelength_intensity_mw,__EXP__,ECHE_slave_CV_led_secondtrigger,ECHE_exp,eche
wavelength_nm,__EXP__,ECHE_slave_CA_led,ECHE_exp,eche
wavelength_nm,__EXP__,ECHE_slave_CA_led_secondtrigger,ECHE_exp,eche
wavelength_nm,__EXP__,ECHE_slave_CP_led,ECHE_exp,eche
wavelength_nm,__EXP__,ECHE_slave_CP_led_secondtrigger,ECHE_exp,eche
wavelength_nm,__EXP__,ECHE_slave_CV_led,ECHE_exp,eche
wavelength_nm,__EXP__,ECHE_slave_CV_led_secondtrigger,ECHE_exp,eche
x_mm,__EXP__,ADSS_slave_startup,ADSS_exp,adss
x_mm,__EXP__,ECHE_slave_move,ECHE_exp,eche
x_mm,__EXP__,debug,ADSS_exp,adss
y_mm,__EXP__,ADSS_slave_startup,ADSS_exp,adss
y_mm,__EXP__,ECHE_slave_move,ECHE_exp,eche
y_mm,__EXP__,debug,ADSS_exp,adss
z_move_mm,__EXP__,ANEC_slave_startup,ANEC_exp,anec
